[2021-04-10 21:57:53] [INFO   ] EndAnalysisRecord;1001;688; 
[2021-04-10 21:57:53] [INFO   ] EndAnalysisRecord;1002;2; 
[2021-04-10 21:57:53] [INFO   ] EndAnalysisRecord;1003;0; 
[2021-04-10 21:57:53] [INFO   ] EndAnalysisRecord;1004;3; 
[2021-04-10 21:57:53] [INFO   ] EndAnalysisRecord;1005;0; 
[2021-04-10 21:57:53] [INFO   ] EndAnalysisRecord;1006;0; 
[2021-04-10 21:57:53] [INFO   ] EndAnalysisRecord;1007;1; 
[2021-04-10 21:57:53] [INFO   ] EndAnalysisRecord;1008;0; 
[2021-04-10 21:57:53] [INFO   ] EndAnalysisRecord;1009;1; 
[2021-04-10 21:57:53] [INFO   ] EndAnalysisRecord;1010;2; 
[2021-04-10 21:57:53] [INFO   ] EndAnalysisRecord;1011;2; 
[2021-04-10 21:57:53] [INFO   ] EndAnalysisRecord;1012;1; 
[2021-04-10 21:57:53] [INFO   ] EndAnalysisRecord;1013;1; 
[2021-04-10 21:57:53] [INFO   ] EndAnalysisRecord;1014;1; 
[2021-04-10 21:57:53] [INFO   ] EndAnalysisRecord;1015;2; 
[2021-04-10 21:57:53] [INFO   ] EndAnalysisRecord;1016;0; 
[2021-04-10 21:57:53] [INFO   ] EndAnalysisRecord;1017;1; 
[2021-04-10 21:57:53] [INFO   ] EndAnalysisRecord;1018;1; 
[2021-04-10 21:57:53] [INFO   ] EndAnalysisRecord;1019;1; 
[2021-04-10 21:57:53] [INFO   ] EndAnalysisRecord;1020;1; 
[2021-04-10 21:57:53] [INFO   ] EndAnalysisRecord;1021;3; 
[2021-04-10 21:57:53] [INFO   ] EndAnalysisRecord;1022;8; 
[2021-04-10 21:57:53] [INFO   ] EndAnalysisRecord;1023;1; 
[2021-04-10 21:57:53] [INFO   ] EndAnalysisRecord;1024;4; 
[2021-04-10 21:57:53] [INFO   ] EndAnalysisRecord;1025;0; 
[2021-04-10 21:57:53] [INFO   ] EndAnalysisRecord;1026;1; 
[2021-04-10 21:57:53] [INFO   ] EndAnalysisRecord;1027;1; 
[2021-04-10 21:57:53] [INFO   ] EndAnalysisRecord;1028;3; 
[2021-04-10 21:57:53] [INFO   ] EndAnalysisRecord;1029;1; 
[2021-04-10 21:57:53] [INFO   ] EndAnalysisRecord;1030;2; 
[2021-04-10 21:57:53] [INFO   ] EndAnalysisRecord;1031;1; 
[2021-04-10 21:57:53] [INFO   ] EndAnalysisRecord;1032;2; 
[2021-04-10 21:57:53] [INFO   ] EndAnalysisRecord;1033;1; 
[2021-04-10 21:57:53] [INFO   ] EndAnalysisRecord;1034;1; 
[2021-04-10 21:57:53] [INFO   ] EndAnalysisRecord;1035;2; 
[2021-04-10 21:57:53] [INFO   ] EndAnalysisRecord;1036;1; 
[2021-04-10 21:57:53] [INFO   ] EndAnalysisRecord;1037;2; 
[2021-04-10 21:57:53] [INFO   ] EndAnalysisRecord;1038;1; 
[2021-04-10 21:57:53] [INFO   ] EndAnalysisRecord;1039;1; 
[2021-04-10 21:57:53] [INFO   ] EndAnalysisRecord;1040;1; 
[2021-04-10 21:57:53] [INFO   ] EndAnalysisRecord;1041;1; 
[2021-04-10 21:57:53] [INFO   ] EndAnalysisRecord;1042;1; 
[2021-04-10 21:57:53] [INFO   ] EndAnalysisRecord;1043;1; 
[2021-04-10 21:57:53] [INFO   ] EndAnalysisRecord;1044;1; 
[2021-04-10 21:57:53] [INFO   ] EndAnalysisRecord;1045;2; 
[2021-04-10 21:57:53] [INFO   ] EndAnalysisRecord;1046;0; 
[2021-04-10 21:57:53] [INFO   ] EndAnalysisRecord;1047;2; 
[2021-04-10 21:57:53] [INFO   ] EndAnalysisRecord;1048;1; 
[2021-04-10 21:57:53] [INFO   ] EndAnalysisRecord;1049;1; 
[2021-04-10 21:57:53] [INFO   ] EndAnalysisRecord;1050;1; 
[2021-04-10 21:57:53] [INFO   ] EndAnalysisRecord;1051;1; 
[2021-04-10 21:57:53] [INFO   ] EndAnalysisRecord;1052;1; 
[2021-04-10 21:57:53] [INFO   ] EndAnalysisRecord;1053;1; 
[2021-04-10 21:57:53] [INFO   ] EndAnalysisRecord;1054;1; 
[2021-04-10 21:57:53] [INFO   ] EndAnalysisRecord;1055;2; 
[2021-04-10 21:57:53] [INFO   ] EndAnalysisRecord;1056;2; 
[2021-04-10 21:57:53] [INFO   ] EndAnalysisRecord;1057;1; 
[2021-04-10 21:57:53] [INFO   ] EndAnalysisRecord;1058;1; 
[2021-04-10 21:57:53] [INFO   ] EndAnalysisRecord;1059;2; 
[2021-04-10 21:57:53] [INFO   ] EndAnalysisRecord;1060;0; 
[2021-04-10 21:57:53] [INFO   ] EndAnalysisRecord;1061;1; 
[2021-04-10 21:57:53] [INFO   ] EndAnalysisRecord;1062;1; 
[2021-04-10 21:57:53] [INFO   ] EndAnalysisRecord;1063;0; 
[2021-04-10 21:57:53] [INFO   ] EndAnalysisRecord;1064;1; 
[2021-04-10 21:57:53] [INFO   ] EndAnalysisRecord;1065;2; 
[2021-04-10 21:57:53] [INFO   ] EndAnalysisRecord;1066;1; 
[2021-04-10 21:57:53] [INFO   ] EndAnalysisRecord;1067;2; 
[2021-04-10 21:57:53] [INFO   ] EndAnalysisRecord;1068;0; 
[2021-04-10 21:57:53] [INFO   ] EndAnalysisRecord;1069;0; 
[2021-04-10 21:57:53] [INFO   ] EndAnalysisRecord;1070;0; 
[2021-04-10 21:57:53] [INFO   ] EndAnalysisRecord;1071;2; 
[2021-04-10 21:57:53] [INFO   ] EndAnalysisRecord;1072;1; 
[2021-04-10 21:57:53] [INFO   ] EndAnalysisRecord;1073;0; 
[2021-04-10 21:57:53] [INFO   ] EndAnalysisRecord;1074;0; 
[2021-04-10 21:57:53] [INFO   ] EndAnalysisRecord;1075;2; 
[2021-04-10 21:57:53] [INFO   ] EndAnalysisRecord;1076;1; 
[2021-04-10 21:57:53] [INFO   ] EndAnalysisRecord;1077;0; 
[2021-04-10 21:57:53] [INFO   ] EndAnalysisRecord;1078;2; 
[2021-04-10 21:57:53] [INFO   ] EndAnalysisRecord;1079;0; 
[2021-04-10 21:57:53] [INFO   ] EndAnalysisRecord;1080;1; 
[2021-04-10 21:57:53] [INFO   ] EndAnalysisRecord;1081;2; 
[2021-04-10 21:57:53] [INFO   ] EndAnalysisRecord;1082;4; 
[2021-04-10 21:57:53] [INFO   ] EndAnalysisRecord;1083;0; 
[2021-04-10 21:57:53] [INFO   ] EndAnalysisRecord;1084;1; 
[2021-04-10 21:57:53] [INFO   ] EndAnalysisRecord;1085;2; 
[2021-04-10 21:57:53] [INFO   ] EndAnalysisRecord;1086;1; 
[2021-04-10 21:57:53] [INFO   ] EndAnalysisRecord;1087;1; 
[2021-04-10 21:57:53] [INFO   ] EndAnalysisRecord;1088;1; 
[2021-04-10 21:57:53] [INFO   ] EndAnalysisRecord;1089;5; 
[2021-04-10 21:57:53] [INFO   ] EndAnalysisRecord;1090;0; 
[2021-04-10 21:57:53] [INFO   ] EndAnalysisRecord;1091;0; 
[2021-04-10 21:57:53] [INFO   ] EndAnalysisRecord;1092;2; 
[2021-04-10 21:57:53] [INFO   ] EndAnalysisRecord;1093;6; 
[2021-04-10 21:57:53] [INFO   ] EndAnalysisRecord;1094;1; 
[2021-04-10 21:57:53] [INFO   ] EndAnalysisRecord;1095;0; 
[2021-04-10 21:57:53] [INFO   ] EndAnalysisRecord;1096;2; 
[2021-04-10 21:57:53] [INFO   ] EndAnalysisRecord;1097;1; 
[2021-04-10 21:57:53] [INFO   ] EndAnalysisRecord;1098;1; 
[2021-04-10 21:57:53] [INFO   ] EndAnalysisRecord;1099;2; 
[2021-04-10 21:57:54] [INFO   ] EndAnalysisRecord;1100;0; 
[2021-04-10 21:57:54] [INFO   ] EndAnalysisRecord;1101;5; 
[2021-04-10 21:57:54] [INFO   ] EndAnalysisRecord;1102;4; 
[2021-04-10 21:57:54] [INFO   ] EndAnalysisRecord;1103;5; 
[2021-04-10 21:57:54] [INFO   ] EndAnalysisRecord;1104;3; 
[2021-04-10 21:57:54] [INFO   ] EndAnalysisRecord;1105;1; 
[2021-04-10 21:57:54] [INFO   ] EndAnalysisRecord;1106;2; 
[2021-04-10 21:57:54] [INFO   ] EndAnalysisRecord;1107;1; 
[2021-04-10 21:57:54] [INFO   ] EndAnalysisRecord;1108;2; 
[2021-04-10 21:57:54] [INFO   ] EndAnalysisRecord;1109;0; 
[2021-04-10 21:57:54] [INFO   ] EndAnalysisRecord;1110;3; 
[2021-04-10 21:57:54] [INFO   ] EndAnalysisRecord;1111;1; 
[2021-04-10 21:57:54] [INFO   ] EndAnalysisRecord;1112;1; 
[2021-04-10 21:57:54] [INFO   ] EndAnalysisRecord;1113;2; 
[2021-04-10 21:57:54] [INFO   ] EndAnalysisRecord;1114;1; 
[2021-04-10 21:57:54] [INFO   ] EndAnalysisRecord;1115;0; 
[2021-04-10 21:57:54] [INFO   ] EndAnalysisRecord;1116;1; 
[2021-04-10 21:57:54] [INFO   ] EndAnalysisRecord;1117;0; 
[2021-04-10 21:57:54] [INFO   ] EndAnalysisRecord;1118;1; 
[2021-04-10 21:57:54] [INFO   ] EndAnalysisRecord;1119;1; 
[2021-04-10 21:57:54] [INFO   ] EndAnalysisRecord;1120;1; 
[2021-04-10 21:57:54] [INFO   ] EndAnalysisRecord;1121;1; 
[2021-04-10 21:57:54] [INFO   ] EndAnalysisRecord;1122;1; 
[2021-04-10 21:57:54] [INFO   ] EndAnalysisRecord;1123;1; 
[2021-04-10 21:57:54] [INFO   ] EndAnalysisRecord;1124;0; 
[2021-04-10 21:57:54] [INFO   ] EndAnalysisRecord;1125;0; 
[2021-04-10 21:57:54] [INFO   ] EndAnalysisRecord;1126;0; 
[2021-04-10 21:57:54] [INFO   ] EndAnalysisRecord;1127;3; 
[2021-04-10 21:57:54] [INFO   ] EndAnalysisRecord;1128;4; 
[2021-04-10 21:57:54] [INFO   ] EndAnalysisRecord;1129;0; 
[2021-04-10 21:57:54] [INFO   ] EndAnalysisRecord;1130;1; 
[2021-04-10 21:57:54] [INFO   ] EndAnalysisRecord;1131;2; 
[2021-04-10 21:57:54] [INFO   ] EndAnalysisRecord;1132;3; 
[2021-04-10 21:57:54] [INFO   ] EndAnalysisRecord;1133;0; 
[2021-04-10 21:57:54] [INFO   ] EndAnalysisRecord;1134;1; 
[2021-04-10 21:57:54] [INFO   ] EndAnalysisRecord;1135;3; 
[2021-04-10 21:57:54] [INFO   ] EndAnalysisRecord;1136;1; 
[2021-04-10 21:57:54] [INFO   ] EndAnalysisRecord;1137;0; 
[2021-04-10 21:57:54] [INFO   ] EndAnalysisRecord;1138;2; 
[2021-04-10 21:57:54] [INFO   ] EndAnalysisRecord;1139;2; 
[2021-04-10 21:57:54] [INFO   ] EndAnalysisRecord;1140;2; 
[2021-04-10 21:57:54] [INFO   ] EndAnalysisRecord;1141;0; 
[2021-04-10 21:57:54] [INFO   ] EndAnalysisRecord;1142;1; 
[2021-04-10 21:57:54] [INFO   ] EndAnalysisRecord;1143;1; 
[2021-04-10 21:57:54] [INFO   ] EndAnalysisRecord;1144;1; 
[2021-04-10 21:57:54] [INFO   ] EndAnalysisRecord;1145;0; 
[2021-04-10 21:57:54] [INFO   ] EndAnalysisRecord;1146;5; 
[2021-04-10 21:57:54] [INFO   ] EndAnalysisRecord;1147;2; 
[2021-04-10 21:57:54] [INFO   ] EndAnalysisRecord;1148;6; 
[2021-04-10 21:57:54] [INFO   ] EndAnalysisRecord;1149;0; 
[2021-04-10 21:57:54] [INFO   ] EndAnalysisRecord;1150;2; 
[2021-04-10 21:57:54] [INFO   ] EndAnalysisRecord;1151;3; 
[2021-04-10 21:57:54] [INFO   ] EndAnalysisRecord;1152;1; 
[2021-04-10 21:57:54] [INFO   ] EndAnalysisRecord;1153;3; 
[2021-04-10 21:57:54] [INFO   ] EndAnalysisRecord;1154;10; 
[2021-04-10 21:57:54] [INFO   ] EndAnalysisRecord;1155;3; 
[2021-04-10 21:57:54] [INFO   ] EndAnalysisRecord;1156;0; 
[2021-04-10 21:57:54] [INFO   ] EndAnalysisRecord;1157;4; 
[2021-04-10 21:57:54] [INFO   ] EndAnalysisRecord;1158;3; 
[2021-04-10 21:57:54] [INFO   ] EndAnalysisRecord;1159;0; 
[2021-04-10 21:57:54] [INFO   ] EndAnalysisRecord;1160;12; 
[2021-04-10 21:57:54] [INFO   ] EndAnalysisRecord;1161;7; 
[2021-04-10 21:57:54] [INFO   ] EndAnalysisRecord;1162;10; 
[2021-04-10 21:57:54] [INFO   ] EndAnalysisRecord;1163;8; 
[2021-04-10 21:57:54] [INFO   ] EndAnalysisRecord;1164;17; 
[2021-04-10 21:57:54] [INFO   ] EndAnalysisRecord;1165;8; 
[2021-04-10 21:57:54] [INFO   ] EndAnalysisRecord;1166;6; 
[2021-04-10 21:57:54] [INFO   ] EndAnalysisRecord;1167;14; 
[2021-04-10 21:57:54] [INFO   ] EndAnalysisRecord;1168;6; 
[2021-04-10 21:57:54] [INFO   ] EndAnalysisRecord;1169;4; 
[2021-04-10 21:57:54] [INFO   ] EndAnalysisRecord;1170;4; 
[2021-04-10 21:57:54] [INFO   ] EndAnalysisRecord;1171;7; 
[2021-04-10 21:57:54] [INFO   ] EndAnalysisRecord;1172;8; 
[2021-04-10 21:57:54] [INFO   ] EndAnalysisRecord;1173;9; 
[2021-04-10 21:57:54] [INFO   ] EndAnalysisRecord;1174;7; 
[2021-04-10 21:57:54] [INFO   ] EndAnalysisRecord;1175;8; 
[2021-04-10 21:57:54] [INFO   ] EndAnalysisRecord;1176;4; 
[2021-04-10 21:57:55] [INFO   ] EndAnalysisRecord;1177;15; 
[2021-04-10 21:57:55] [INFO   ] EndAnalysisRecord;1178;0; 
[2021-04-10 21:57:55] [INFO   ] EndAnalysisRecord;1179;0; 
[2021-04-10 21:57:55] [INFO   ] EndAnalysisRecord;1180;5; 
[2021-04-10 21:57:55] [INFO   ] EndAnalysisRecord;1181;1; 
[2021-04-10 21:57:55] [INFO   ] EndAnalysisRecord;1182;2; 
[2021-04-10 21:57:55] [INFO   ] EndAnalysisRecord;1183;1; 
[2021-04-10 21:57:55] [INFO   ] EndAnalysisRecord;1184;1; 
[2021-04-10 21:57:55] [INFO   ] EndAnalysisRecord;1185;1; 
[2021-04-10 21:57:55] [INFO   ] EndAnalysisRecord;1186;0; 
[2021-04-10 21:57:55] [INFO   ] EndAnalysisRecord;1187;1; 
[2021-04-10 21:57:55] [INFO   ] EndAnalysisRecord;1188;2; 
[2021-04-10 21:57:55] [INFO   ] EndAnalysisRecord;1189;3; 
[2021-04-10 21:57:55] [INFO   ] EndAnalysisRecord;1190;0; 
[2021-04-10 21:57:55] [INFO   ] EndAnalysisRecord;1191;3; 
[2021-04-10 21:57:55] [INFO   ] EndAnalysisRecord;1192;0; 
[2021-04-10 21:57:55] [INFO   ] EndAnalysisRecord;1193;1; 
[2021-04-10 21:57:55] [INFO   ] EndAnalysisRecord;1194;1; 
[2021-04-10 21:57:55] [INFO   ] EndAnalysisRecord;1195;0; 
[2021-04-10 21:57:55] [INFO   ] EndAnalysisRecord;1196;4; 
[2021-04-10 21:57:55] [INFO   ] EndAnalysisRecord;1197;1; 
[2021-04-10 21:57:55] [INFO   ] EndAnalysisRecord;1198;1; 
[2021-04-10 21:57:55] [INFO   ] EndAnalysisRecord;1199;1; 
[2021-04-10 21:57:55] [INFO   ] EndAnalysisRecord;1200;0; 
[2021-04-10 21:57:55] [INFO   ] EndAnalysisRecord;1201;2; 
[2021-04-10 21:57:55] [INFO   ] EndAnalysisRecord;1202;0; 
[2021-04-10 21:57:55] [INFO   ] EndAnalysisRecord;1203;1; 
[2021-04-10 21:57:55] [INFO   ] EndAnalysisRecord;1204;1; 
[2021-04-10 21:57:55] [INFO   ] EndAnalysisRecord;1205;2; 
[2021-04-10 21:57:55] [INFO   ] EndAnalysisRecord;1206;0; 
[2021-04-10 21:57:55] [INFO   ] EndAnalysisRecord;1207;0; 
[2021-04-10 21:57:55] [INFO   ] EndAnalysisRecord;1208;1; 
[2021-04-10 21:57:55] [INFO   ] EndAnalysisRecord;1209;0; 
[2021-04-10 21:57:55] [INFO   ] EndAnalysisRecord;1210;3; 
[2021-04-10 21:57:55] [INFO   ] EndAnalysisRecord;1211;1; 
[2021-04-10 21:57:55] [INFO   ] EndAnalysisRecord;1212;0; 
[2021-04-10 21:57:55] [INFO   ] EndAnalysisRecord;1213;0; 
[2021-04-10 21:57:55] [INFO   ] EndAnalysisRecord;1214;24; 
[2021-04-10 21:57:55] [INFO   ] EndAnalysisRecord;1215;3; 
[2021-04-10 21:57:55] [INFO   ] EndAnalysisRecord;1216;0; 
[2021-04-10 21:57:55] [INFO   ] EndAnalysisRecord;1217;1; 
[2021-04-10 21:57:55] [INFO   ] EndAnalysisRecord;1218;1; 
[2021-04-10 21:57:55] [INFO   ] EndAnalysisRecord;1219;1; 
[2021-04-10 21:57:55] [INFO   ] EndAnalysisRecord;1220;2; 
[2021-04-10 21:57:55] [INFO   ] EndAnalysisRecord;1221;5; 
[2021-04-10 21:57:55] [INFO   ] EndAnalysisRecord;1222;2; 
[2021-04-10 21:57:55] [INFO   ] EndAnalysisRecord;1223;1; 
[2021-04-10 21:57:55] [INFO   ] EndAnalysisRecord;1224;1; 
[2021-04-10 21:57:55] [INFO   ] EndAnalysisRecord;1225;1; 
[2021-04-10 21:57:55] [INFO   ] EndAnalysisRecord;1226;1; 
[2021-04-10 21:57:55] [INFO   ] EndAnalysisRecord;1227;1; 
[2021-04-10 21:57:55] [INFO   ] EndAnalysisRecord;1228;2; 
[2021-04-10 21:57:55] [INFO   ] EndAnalysisRecord;1229;1; 
[2021-04-10 21:57:55] [INFO   ] EndAnalysisRecord;1230;0; 
[2021-04-10 21:57:55] [INFO   ] EndAnalysisRecord;1231;0; 
[2021-04-10 21:57:55] [INFO   ] EndAnalysisRecord;1232;0; 
[2021-04-10 21:57:55] [INFO   ] EndAnalysisRecord;1233;1; 
[2021-04-10 21:57:55] [INFO   ] EndAnalysisRecord;1234;1; 
[2021-04-10 21:57:55] [INFO   ] EndAnalysisRecord;1235;1; 
[2021-04-10 21:57:55] [INFO   ] EndAnalysisRecord;1236;0; 
[2021-04-10 21:57:55] [INFO   ] EndAnalysisRecord;1237;3; 
[2021-04-10 21:57:55] [INFO   ] EndAnalysisRecord;1238;2; 
[2021-04-10 21:57:55] [INFO   ] EndAnalysisRecord;1239;1; 
[2021-04-10 21:57:55] [INFO   ] EndAnalysisRecord;1240;0; 
[2021-04-10 21:57:55] [INFO   ] EndAnalysisRecord;1241;3; 
[2021-04-10 21:57:55] [INFO   ] EndAnalysisRecord;1242;1; 
[2021-04-10 21:57:55] [INFO   ] EndAnalysisRecord;1243;1; 
[2021-04-10 21:57:55] [INFO   ] EndAnalysisRecord;1244;1; 
[2021-04-10 21:57:55] [INFO   ] EndAnalysisRecord;1245;2; 
[2021-04-10 21:57:55] [INFO   ] EndAnalysisRecord;1246;1; 
[2021-04-10 21:57:55] [INFO   ] EndAnalysisRecord;1247;0; 
[2021-04-10 21:57:55] [INFO   ] EndAnalysisRecord;1248;1; 
[2021-04-10 21:57:55] [INFO   ] EndAnalysisRecord;1249;1; 
[2021-04-10 21:57:55] [INFO   ] EndAnalysisRecord;1250;2; 
[2021-04-10 21:57:55] [INFO   ] EndAnalysisRecord;1251;1; 
[2021-04-10 21:57:55] [INFO   ] EndAnalysisRecord;1252;2; 
[2021-04-10 21:57:55] [INFO   ] EndAnalysisRecord;1253;0; 
[2021-04-10 21:57:55] [INFO   ] EndAnalysisRecord;1254;1; 
[2021-04-10 21:57:55] [INFO   ] EndAnalysisRecord;1255;2; 
[2021-04-10 21:57:55] [INFO   ] EndAnalysisRecord;1256;1; 
[2021-04-10 21:57:55] [INFO   ] EndAnalysisRecord;1257;1; 
[2021-04-10 21:57:55] [INFO   ] EndAnalysisRecord;1258;1; 
[2021-04-10 21:57:55] [INFO   ] EndAnalysisRecord;1259;1; 
[2021-04-10 21:57:55] [INFO   ] EndAnalysisRecord;1260;2; 
[2021-04-10 21:57:55] [INFO   ] EndAnalysisRecord;1261;2; 
[2021-04-10 21:57:55] [INFO   ] EndAnalysisRecord;1262;5; 
[2021-04-10 21:57:55] [INFO   ] EndAnalysisRecord;1263;0; 
[2021-04-10 21:57:55] [INFO   ] EndAnalysisRecord;1264;0; 
[2021-04-10 21:57:55] [INFO   ] EndAnalysisRecord;1265;1; 
[2021-04-10 21:57:55] [INFO   ] EndAnalysisRecord;1266;0; 
[2021-04-10 21:57:55] [INFO   ] EndAnalysisRecord;1267;0; 
[2021-04-10 21:57:55] [INFO   ] EndAnalysisRecord;1268;11; 
[2021-04-10 21:57:55] [INFO   ] EndAnalysisRecord;1269;0; 
[2021-04-10 21:57:55] [INFO   ] EndAnalysisRecord;1270;1; 
[2021-04-10 21:57:55] [INFO   ] EndAnalysisRecord;1271;2; 
[2021-04-10 21:57:55] [INFO   ] EndAnalysisRecord;1272;4; 
[2021-04-10 21:57:55] [INFO   ] EndAnalysisRecord;1273;6; 
[2021-04-10 21:57:55] [INFO   ] EndAnalysisRecord;1274;7; 
[2021-04-10 21:57:55] [INFO   ] EndAnalysisRecord;1275;2; 
[2021-04-10 21:57:55] [INFO   ] EndAnalysisRecord;1276;2; 
[2021-04-10 21:57:56] [INFO   ] EndAnalysisRecord;1277;4; 
[2021-04-10 21:57:56] [INFO   ] EndAnalysisRecord;1278;89; 
[2021-04-10 21:57:56] [INFO   ] EndAnalysisRecord;1279;1; 
[2021-04-10 21:57:56] [INFO   ] EndAnalysisRecord;1280;1; 
[2021-04-10 21:57:56] [INFO   ] EndAnalysisRecord;1281;1; 
[2021-04-10 21:57:56] [INFO   ] EndAnalysisRecord;1282;1; 
[2021-04-10 21:57:56] [INFO   ] EndAnalysisRecord;1283;0; 
[2021-04-10 21:57:56] [INFO   ] EndAnalysisRecord;1284;0; 
[2021-04-10 21:57:56] [INFO   ] EndAnalysisRecord;1285;0; 
[2021-04-10 21:57:56] [INFO   ] EndAnalysisRecord;1286;5; 
[2021-04-10 21:57:56] [INFO   ] EndAnalysisRecord;1287;1; 
[2021-04-10 21:57:56] [INFO   ] EndAnalysisRecord;1288;0; 
[2021-04-10 21:57:56] [INFO   ] EndAnalysisRecord;1289;4; 
[2021-04-10 21:57:56] [INFO   ] EndAnalysisRecord;1290;0; 
[2021-04-10 21:57:56] [INFO   ] EndAnalysisRecord;1291;4; 
[2021-04-10 21:57:56] [INFO   ] EndAnalysisRecord;1292;6; 
[2021-04-10 21:57:56] [INFO   ] EndAnalysisRecord;1293;1; 
[2021-04-10 21:57:56] [INFO   ] EndAnalysisRecord;1294;1; 
[2021-04-10 21:57:56] [INFO   ] EndAnalysisRecord;1295;6; 
[2021-04-10 21:57:56] [INFO   ] EndAnalysisRecord;1296;0; 
[2021-04-10 21:57:56] [INFO   ] EndAnalysisRecord;1297;3; 
[2021-04-10 21:57:56] [INFO   ] EndAnalysisRecord;1298;7; 
[2021-04-10 21:57:56] [INFO   ] EndAnalysisRecord;1299;5; 
[2021-04-10 21:57:56] [INFO   ] EndAnalysisRecord;1300;2; 
[2021-04-10 21:57:56] [INFO   ] EndAnalysisRecord;1301;1; 
[2021-04-10 21:57:56] [INFO   ] EndAnalysisRecord;1302;8; 
[2021-04-10 21:57:56] [INFO   ] EndAnalysisRecord;1303;2; 
[2021-04-10 21:57:56] [INFO   ] EndAnalysisRecord;1304;6; 
[2021-04-10 21:57:56] [INFO   ] EndAnalysisRecord;1305;10; 
[2021-04-10 21:57:56] [INFO   ] EndAnalysisRecord;1306;4; 
[2021-04-10 21:57:56] [INFO   ] EndAnalysisRecord;1307;1; 
[2021-04-10 21:57:56] [INFO   ] EndAnalysisRecord;1308;34; 
[2021-04-10 21:57:56] [INFO   ] EndAnalysisRecord;1309;5; 
[2021-04-10 21:57:56] [INFO   ] EndAnalysisRecord;1310;0; 
[2021-04-10 21:57:56] [INFO   ] EndAnalysisRecord;1311;3; 
[2021-04-10 21:57:56] [INFO   ] EndAnalysisRecord;1312;0; 
[2021-04-10 21:57:56] [INFO   ] EndAnalysisRecord;1313;4; 
[2021-04-10 21:57:56] [INFO   ] EndAnalysisRecord;1314;6; 
[2021-04-10 21:57:56] [INFO   ] EndAnalysisRecord;1315;3; 
[2021-04-10 21:57:56] [INFO   ] EndAnalysisRecord;1316;0; 
[2021-04-10 21:57:56] [INFO   ] EndAnalysisRecord;1317;0; 
[2021-04-10 21:57:56] [INFO   ] EndAnalysisRecord;1318;2; 
[2021-04-10 21:57:56] [INFO   ] EndAnalysisRecord;1319;2; 
[2021-04-10 21:57:57] [INFO   ] EndAnalysisRecord;1320;3; 
[2021-04-10 21:57:57] [INFO   ] EndAnalysisRecord;1321;1; 
[2021-04-10 21:57:57] [INFO   ] EndAnalysisRecord;1322;3; 
[2021-04-10 21:57:57] [INFO   ] EndAnalysisRecord;1323;9; 
[2021-04-10 21:57:57] [INFO   ] EndAnalysisRecord;1324;1; 
[2021-04-10 21:57:57] [INFO   ] EndAnalysisRecord;1325;0; 
[2021-04-10 21:57:57] [INFO   ] EndAnalysisRecord;1326;1; 
[2021-04-10 21:57:57] [INFO   ] EndAnalysisRecord;1327;2; 
[2021-04-10 21:57:57] [INFO   ] EndAnalysisRecord;1328;1; 
[2021-04-10 21:57:57] [INFO   ] EndAnalysisRecord;1329;4; 
[2021-04-10 21:57:57] [INFO   ] EndAnalysisRecord;1330;1; 
[2021-04-10 21:57:57] [INFO   ] EndAnalysisRecord;1331;1; 
[2021-04-10 21:57:57] [INFO   ] EndAnalysisRecord;1332;1; 
[2021-04-10 21:57:57] [INFO   ] EndAnalysisRecord;1333;0; 
[2021-04-10 21:57:57] [INFO   ] EndAnalysisRecord;1334;0; 
[2021-04-10 21:57:57] [INFO   ] EndAnalysisRecord;1335;1; 
[2021-04-10 21:57:57] [INFO   ] EndAnalysisRecord;1336;1; 
[2021-04-10 21:57:57] [INFO   ] EndAnalysisRecord;1337;0; 
[2021-04-10 21:57:57] [INFO   ] EndAnalysisRecord;1338;3; 
[2021-04-10 21:57:57] [INFO   ] EndAnalysisRecord;1339;1; 
[2021-04-10 21:57:57] [INFO   ] EndAnalysisRecord;1340;4; 
[2021-04-10 21:57:57] [INFO   ] EndAnalysisRecord;1341;3; 
[2021-04-10 21:57:57] [INFO   ] EndAnalysisRecord;1342;11; 
[2021-04-10 21:57:57] [INFO   ] EndAnalysisRecord;1343;0; 
[2021-04-10 21:57:57] [INFO   ] EndAnalysisRecord;1344;2; 
[2021-04-10 21:57:57] [INFO   ] EndAnalysisRecord;1345;0; 
[2021-04-10 21:57:57] [INFO   ] EndAnalysisRecord;1346;0; 
[2021-04-10 21:57:57] [INFO   ] EndAnalysisRecord;1347;0; 
[2021-04-10 21:57:57] [INFO   ] EndAnalysisRecord;1348;0; 
[2021-04-10 21:57:57] [INFO   ] EndAnalysisRecord;1349;1; 
[2021-04-10 21:57:57] [INFO   ] EndAnalysisRecord;1350;0; 
[2021-04-10 21:57:57] [INFO   ] EndAnalysisRecord;1351;9; 
[2021-04-10 21:57:57] [INFO   ] EndAnalysisRecord;1352;0; 
[2021-04-10 21:57:57] [INFO   ] EndAnalysisRecord;1353;1; 
[2021-04-10 21:57:57] [INFO   ] EndAnalysisRecord;1354;0; 
[2021-04-10 21:57:57] [INFO   ] EndAnalysisRecord;1355;1; 
[2021-04-10 21:57:57] [INFO   ] EndAnalysisRecord;1356;1; 
[2021-04-10 21:57:57] [INFO   ] EndAnalysisRecord;1357;1; 
[2021-04-10 21:57:57] [INFO   ] EndAnalysisRecord;1358;0; 
[2021-04-10 21:57:57] [INFO   ] EndAnalysisRecord;1359;1; 
[2021-04-10 21:57:57] [INFO   ] EndAnalysisRecord;1360;1; 
[2021-04-10 21:57:57] [INFO   ] EndAnalysisRecord;1361;1; 
[2021-04-10 21:57:57] [INFO   ] EndAnalysisRecord;1362;2; 
[2021-04-10 21:57:57] [INFO   ] EndAnalysisRecord;1363;5; 
[2021-04-10 21:57:57] [INFO   ] EndAnalysisRecord;1364;1; 
[2021-04-10 21:57:57] [INFO   ] EndAnalysisRecord;1365;5; 
[2021-04-10 21:57:57] [INFO   ] EndAnalysisRecord;1366;2; 
[2021-04-10 21:57:57] [INFO   ] EndAnalysisRecord;1367;1; 
[2021-04-10 21:57:57] [INFO   ] EndAnalysisRecord;1368;0; 
[2021-04-10 21:57:57] [INFO   ] EndAnalysisRecord;1369;10; 
[2021-04-10 21:57:57] [INFO   ] EndAnalysisRecord;1370;3; 
[2021-04-10 21:57:57] [INFO   ] EndAnalysisRecord;1371;0; 
[2021-04-10 21:57:57] [INFO   ] EndAnalysisRecord;1372;2; 
[2021-04-10 21:57:57] [INFO   ] EndAnalysisRecord;1373;1; 
[2021-04-10 21:57:57] [INFO   ] EndAnalysisRecord;1374;3; 
[2021-04-10 21:57:57] [INFO   ] EndAnalysisRecord;1375;1; 
[2021-04-10 21:57:57] [INFO   ] EndAnalysisRecord;1376;1; 
[2021-04-10 21:57:57] [INFO   ] EndAnalysisRecord;1377;1; 
[2021-04-10 21:57:57] [INFO   ] EndAnalysisRecord;1378;1; 
[2021-04-10 21:57:57] [INFO   ] EndAnalysisRecord;1379;2; 
[2021-04-10 21:57:57] [INFO   ] EndAnalysisRecord;1380;2; 
[2021-04-10 21:57:57] [INFO   ] EndAnalysisRecord;1381;1; 
[2021-04-10 21:57:57] [INFO   ] EndAnalysisRecord;1382;3; 
[2021-04-10 21:57:57] [INFO   ] EndAnalysisRecord;1383;1; 
[2021-04-10 21:57:57] [INFO   ] EndAnalysisRecord;1384;1; 
[2021-04-10 21:57:57] [INFO   ] EndAnalysisRecord;1385;1; 
[2021-04-10 21:57:57] [INFO   ] EndAnalysisRecord;1386;0; 
[2021-04-10 21:57:57] [INFO   ] EndAnalysisRecord;1387;16; 
[2021-04-10 21:57:57] [INFO   ] EndAnalysisRecord;1388;8; 
[2021-04-10 21:57:57] [INFO   ] EndAnalysisRecord;1389;1; 
[2021-04-10 21:57:57] [INFO   ] EndAnalysisRecord;1390;3; 
[2021-04-10 21:57:57] [INFO   ] EndAnalysisRecord;1391;1; 
[2021-04-10 21:57:57] [INFO   ] EndAnalysisRecord;1392;1; 
[2021-04-10 21:57:57] [INFO   ] EndAnalysisRecord;1393;3; 
[2021-04-10 21:57:57] [INFO   ] EndAnalysisRecord;1394;1; 
[2021-04-10 21:57:57] [INFO   ] EndAnalysisRecord;1395;1; 
[2021-04-10 21:57:57] [INFO   ] EndAnalysisRecord;1396;1; 
[2021-04-10 21:57:57] [INFO   ] EndAnalysisRecord;1397;1; 
[2021-04-10 21:57:57] [INFO   ] EndAnalysisRecord;1398;1; 
[2021-04-10 21:57:57] [INFO   ] EndAnalysisRecord;1399;1; 
[2021-04-10 21:57:57] [INFO   ] EndAnalysisRecord;1400;1; 
[2021-04-10 21:57:57] [INFO   ] EndAnalysisRecord;1401;1; 
[2021-04-10 21:57:57] [INFO   ] EndAnalysisRecord;1402;0; 
[2021-04-10 21:57:57] [INFO   ] EndAnalysisRecord;1403;6; 
[2021-04-10 21:57:57] [INFO   ] EndAnalysisRecord;1404;1; 
[2021-04-10 21:57:57] [INFO   ] EndAnalysisRecord;1405;0; 
[2021-04-10 21:57:57] [INFO   ] EndAnalysisRecord;1406;1; 
[2021-04-10 21:57:57] [INFO   ] EndAnalysisRecord;1407;0; 
[2021-04-10 21:57:57] [INFO   ] EndAnalysisRecord;1408;1; 
[2021-04-10 21:57:57] [INFO   ] EndAnalysisRecord;1409;0; 
[2021-04-10 21:57:57] [INFO   ] EndAnalysisRecord;1410;2; 
[2021-04-10 21:57:57] [INFO   ] EndAnalysisRecord;1411;1; 
[2021-04-10 21:57:57] [INFO   ] EndAnalysisRecord;1412;2; 
[2021-04-10 21:57:57] [INFO   ] EndAnalysisRecord;1413;1; 
[2021-04-10 21:57:57] [INFO   ] EndAnalysisRecord;1414;0; 
[2021-04-10 21:57:57] [INFO   ] EndAnalysisRecord;1415;1; 
[2021-04-10 21:57:57] [INFO   ] EndAnalysisRecord;1416;1; 
[2021-04-10 21:57:57] [INFO   ] EndAnalysisRecord;1417;0; 
[2021-04-10 21:57:57] [INFO   ] EndAnalysisRecord;1418;1; 
[2021-04-10 21:57:57] [INFO   ] EndAnalysisRecord;1419;3; 
[2021-04-10 21:57:57] [INFO   ] EndAnalysisRecord;1420;1; 
[2021-04-10 21:57:57] [INFO   ] EndAnalysisRecord;1421;0; 
[2021-04-10 21:57:57] [INFO   ] EndAnalysisRecord;1422;3; 
[2021-04-10 21:57:57] [INFO   ] EndAnalysisRecord;1423;0; 
[2021-04-10 21:57:57] [INFO   ] EndAnalysisRecord;1424;6; 
[2021-04-10 21:57:57] [INFO   ] EndAnalysisRecord;1425;0; 
[2021-04-10 21:57:57] [INFO   ] EndAnalysisRecord;1426;1; 
[2021-04-10 21:57:57] [INFO   ] EndAnalysisRecord;1427;1; 
[2021-04-10 21:57:57] [INFO   ] EndAnalysisRecord;1428;1; 
[2021-04-10 21:57:57] [INFO   ] EndAnalysisRecord;1429;1; 
[2021-04-10 21:57:57] [INFO   ] EndAnalysisRecord;1430;1; 
[2021-04-10 21:57:57] [INFO   ] EndAnalysisRecord;1431;1; 
[2021-04-10 21:57:57] [INFO   ] EndAnalysisRecord;1432;0; 
[2021-04-10 21:57:57] [INFO   ] EndAnalysisRecord;1433;1; 
[2021-04-10 21:57:57] [INFO   ] EndAnalysisRecord;1434;1; 
[2021-04-10 21:57:57] [INFO   ] EndAnalysisRecord;1435;0; 
[2021-04-10 21:57:57] [INFO   ] EndAnalysisRecord;1436;1; 
[2021-04-10 21:57:57] [INFO   ] EndAnalysisRecord;1437;2; 
[2021-04-10 21:57:57] [INFO   ] EndAnalysisRecord;1438;1; 
[2021-04-10 21:57:57] [INFO   ] EndAnalysisRecord;1439;1; 
[2021-04-10 21:57:57] [INFO   ] EndAnalysisRecord;1440;1; 
[2021-04-10 21:57:57] [INFO   ] EndAnalysisRecord;1441;0; 
[2021-04-10 21:57:58] [INFO   ] EndAnalysisRecord;1442;1; 
[2021-04-10 21:57:58] [INFO   ] EndAnalysisRecord;1443;0; 
[2021-04-10 21:57:58] [INFO   ] EndAnalysisRecord;1444;1; 
[2021-04-10 21:57:58] [INFO   ] EndAnalysisRecord;1445;1; 
[2021-04-10 21:57:58] [INFO   ] EndAnalysisRecord;1446;1; 
[2021-04-10 21:57:58] [INFO   ] EndAnalysisRecord;1447;1; 
[2021-04-10 21:57:58] [INFO   ] EndAnalysisRecord;1448;0; 
[2021-04-10 21:57:58] [INFO   ] EndAnalysisRecord;1449;1; 
[2021-04-10 21:57:58] [INFO   ] EndAnalysisRecord;1450;1; 
[2021-04-10 21:57:58] [INFO   ] EndAnalysisRecord;1451;0; 
[2021-04-10 21:57:58] [INFO   ] EndAnalysisRecord;1452;0; 
[2021-04-10 21:57:58] [INFO   ] EndAnalysisRecord;1453;1; 
[2021-04-10 21:57:58] [INFO   ] EndAnalysisRecord;1454;1; 
[2021-04-10 21:57:58] [INFO   ] EndAnalysisRecord;1455;1; 
[2021-04-10 21:57:58] [INFO   ] EndAnalysisRecord;1456;0; 
[2021-04-10 21:57:58] [INFO   ] EndAnalysisRecord;1457;0; 
[2021-04-10 21:57:58] [INFO   ] EndAnalysisRecord;1458;1; 
[2021-04-10 21:57:58] [INFO   ] EndAnalysisRecord;1459;2; 
[2021-04-10 21:57:58] [INFO   ] EndAnalysisRecord;1460;0; 
[2021-04-10 21:57:58] [INFO   ] EndAnalysisRecord;1461;64; 
[2021-04-10 21:57:58] [INFO   ] EndAnalysisRecord;1462;0; 
[2021-04-10 21:57:58] [INFO   ] EndAnalysisRecord;1463;2; 
[2021-04-10 21:57:58] [INFO   ] EndAnalysisRecord;1464;2; 
[2021-04-10 21:57:58] [INFO   ] EndAnalysisRecord;1465;1; 
[2021-04-10 21:57:58] [INFO   ] EndAnalysisRecord;1466;0; 
[2021-04-10 21:57:58] [INFO   ] EndAnalysisRecord;1467;1; 
[2021-04-10 21:57:58] [INFO   ] EndAnalysisRecord;1468;6; 
[2021-04-10 21:57:58] [INFO   ] EndAnalysisRecord;1469;1; 
[2021-04-10 21:57:58] [INFO   ] EndAnalysisRecord;1470;6; 
[2021-04-10 21:57:58] [INFO   ] EndAnalysisRecord;1471;5; 
[2021-04-10 21:57:58] [INFO   ] EndAnalysisRecord;1472;2; 
[2021-04-10 21:57:58] [INFO   ] EndAnalysisRecord;1473;4; 
[2021-04-10 21:57:58] [INFO   ] EndAnalysisRecord;1474;0; 
[2021-04-10 21:57:58] [INFO   ] EndAnalysisRecord;1475;1; 
[2021-04-10 21:57:58] [INFO   ] EndAnalysisRecord;1476;0; 
[2021-04-10 21:57:58] [INFO   ] EndAnalysisRecord;1477;1; 
[2021-04-10 21:57:58] [INFO   ] EndAnalysisRecord;1478;0; 
[2021-04-10 21:57:58] [INFO   ] EndAnalysisRecord;1479;6; 
[2021-04-10 21:57:58] [INFO   ] EndAnalysisRecord;1480;1; 
[2021-04-10 21:57:58] [INFO   ] EndAnalysisRecord;1481;1; 
[2021-04-10 21:57:58] [INFO   ] EndAnalysisRecord;1482;1; 
[2021-04-10 21:57:58] [INFO   ] EndAnalysisRecord;1483;1; 
[2021-04-10 21:57:58] [INFO   ] EndAnalysisRecord;1484;0; 
[2021-04-10 21:57:58] [INFO   ] EndAnalysisRecord;1485;1; 
[2021-04-10 21:57:58] [INFO   ] EndAnalysisRecord;1486;3; 
[2021-04-10 21:57:58] [INFO   ] EndAnalysisRecord;1487;0; 
[2021-04-10 21:57:58] [INFO   ] EndAnalysisRecord;1488;1; 
[2021-04-10 21:57:58] [INFO   ] EndAnalysisRecord;1489;1; 
[2021-04-10 21:57:58] [INFO   ] EndAnalysisRecord;1490;0; 
[2021-04-10 21:57:58] [INFO   ] EndAnalysisRecord;1491;1; 
[2021-04-10 21:57:58] [INFO   ] EndAnalysisRecord;1492;0; 
[2021-04-10 21:57:58] [INFO   ] EndAnalysisRecord;1493;1; 
[2021-04-10 21:57:58] [INFO   ] EndAnalysisRecord;1494;0; 
[2021-04-10 21:57:58] [INFO   ] EndAnalysisRecord;1495;0; 
[2021-04-10 21:57:58] [INFO   ] EndAnalysisRecord;1496;0; 
[2021-04-10 21:57:58] [INFO   ] EndAnalysisRecord;1497;1; 
[2021-04-10 21:57:58] [INFO   ] EndAnalysisRecord;1498;0; 
[2021-04-10 21:57:58] [INFO   ] EndAnalysisRecord;1499;2; 
[2021-04-10 21:57:58] [INFO   ] EndAnalysisRecord;1500;3; 
[2021-04-10 21:57:58] [INFO   ] EndAnalysisRecord;1501;0; 
[2021-04-10 21:57:58] [INFO   ] EndAnalysisRecord;1502;0; 
[2021-04-10 21:57:58] [INFO   ] EndAnalysisRecord;1503;3; 
[2021-04-10 21:57:58] [INFO   ] EndAnalysisRecord;1504;1; 
[2021-04-10 21:57:58] [INFO   ] EndAnalysisRecord;1505;2; 
[2021-04-10 21:57:58] [INFO   ] EndAnalysisRecord;1506;0; 
[2021-04-10 21:57:58] [INFO   ] EndAnalysisRecord;1507;1; 
[2021-04-10 21:57:58] [INFO   ] EndAnalysisRecord;1508;4; 
[2021-04-10 21:57:58] [INFO   ] EndAnalysisRecord;1509;1; 
[2021-04-10 21:57:58] [INFO   ] EndAnalysisRecord;1510;1; 
[2021-04-10 21:57:58] [INFO   ] EndAnalysisRecord;1511;3; 
[2021-04-10 21:57:58] [INFO   ] EndAnalysisRecord;1512;9; 
[2021-04-10 21:57:58] [INFO   ] EndAnalysisRecord;1513;1; 
[2021-04-10 21:57:58] [INFO   ] EndAnalysisRecord;1514;1; 
[2021-04-10 21:57:58] [INFO   ] EndAnalysisRecord;1515;1; 
[2021-04-10 21:57:58] [INFO   ] EndAnalysisRecord;1516;2; 
[2021-04-10 21:57:58] [INFO   ] EndAnalysisRecord;1517;7; 
[2021-04-10 21:57:58] [INFO   ] EndAnalysisRecord;1518;0; 
[2021-04-10 21:57:58] [INFO   ] EndAnalysisRecord;1519;3; 
[2021-04-10 21:57:58] [INFO   ] EndAnalysisRecord;1520;0; 
[2021-04-10 21:57:58] [INFO   ] EndAnalysisRecord;1521;0; 
[2021-04-10 21:57:58] [INFO   ] EndAnalysisRecord;1522;1; 
[2021-04-10 21:57:58] [INFO   ] EndAnalysisRecord;1523;0; 
[2021-04-10 21:57:58] [INFO   ] EndAnalysisRecord;1524;1; 
[2021-04-10 21:57:58] [INFO   ] EndAnalysisRecord;1525;1; 
[2021-04-10 21:57:58] [INFO   ] EndAnalysisRecord;1526;2; 
[2021-04-10 21:57:58] [INFO   ] EndAnalysisRecord;1527;1; 
[2021-04-10 21:57:58] [INFO   ] EndAnalysisRecord;1528;3; 
[2021-04-10 21:57:58] [INFO   ] EndAnalysisRecord;1529;2; 
[2021-04-10 21:57:58] [INFO   ] EndAnalysisRecord;1530;1; 
[2021-04-10 21:57:58] [INFO   ] EndAnalysisRecord;1531;2; 
[2021-04-10 21:57:58] [INFO   ] EndAnalysisRecord;1532;0; 
[2021-04-10 21:57:58] [INFO   ] EndAnalysisRecord;1533;2; 
[2021-04-10 21:57:58] [INFO   ] EndAnalysisRecord;1534;3; 
[2021-04-10 21:57:58] [INFO   ] EndAnalysisRecord;1535;4; 
[2021-04-10 21:57:58] [INFO   ] EndAnalysisRecord;1536;3; 
[2021-04-10 21:57:58] [INFO   ] EndAnalysisRecord;1537;7; 
[2021-04-10 21:57:58] [INFO   ] EndAnalysisRecord;1538;8; 
[2021-04-10 21:57:58] [INFO   ] EndAnalysisRecord;1539;5; 
[2021-04-10 21:57:58] [INFO   ] EndAnalysisRecord;1540;18; 
[2021-04-10 21:57:58] [INFO   ] EndAnalysisRecord;1541;1; 
[2021-04-10 21:57:58] [INFO   ] EndAnalysisRecord;1542;0; 
[2021-04-10 21:57:58] [INFO   ] EndAnalysisRecord;1543;4; 
[2021-04-10 21:57:58] [INFO   ] EndAnalysisRecord;1544;2; 
[2021-04-10 21:57:58] [INFO   ] EndAnalysisRecord;1545;3; 
[2021-04-10 21:57:58] [INFO   ] EndAnalysisRecord;1546;3; 
[2021-04-10 21:57:58] [INFO   ] EndAnalysisRecord;1547;3; 
[2021-04-10 21:57:58] [INFO   ] EndAnalysisRecord;1548;0; 
[2021-04-10 21:57:58] [INFO   ] EndAnalysisRecord;1549;3; 
[2021-04-10 21:57:58] [INFO   ] EndAnalysisRecord;1550;0; 
[2021-04-10 21:57:58] [INFO   ] EndAnalysisRecord;1551;4; 
[2021-04-10 21:57:58] [INFO   ] EndAnalysisRecord;1552;1; 
[2021-04-10 21:57:58] [INFO   ] EndAnalysisRecord;1553;4; 
[2021-04-10 21:57:59] [INFO   ] EndAnalysisRecord;1554;1; 
[2021-04-10 21:57:59] [INFO   ] EndAnalysisRecord;1555;3; 
[2021-04-10 21:57:59] [INFO   ] EndAnalysisRecord;1556;1; 
[2021-04-10 21:57:59] [INFO   ] EndAnalysisRecord;1557;0; 
[2021-04-10 21:57:59] [INFO   ] EndAnalysisRecord;1558;4; 
[2021-04-10 21:57:59] [INFO   ] EndAnalysisRecord;1559;5; 
[2021-04-10 21:57:59] [INFO   ] EndAnalysisRecord;1560;0; 
[2021-04-10 21:57:59] [INFO   ] EndAnalysisRecord;1561;0; 
[2021-04-10 21:57:59] [INFO   ] EndAnalysisRecord;1562;4; 
[2021-04-10 21:57:59] [INFO   ] EndAnalysisRecord;1563;1; 
[2021-04-10 21:57:59] [INFO   ] EndAnalysisRecord;1564;2; 
[2021-04-10 21:57:59] [INFO   ] EndAnalysisRecord;1565;0; 
[2021-04-10 21:57:59] [INFO   ] EndAnalysisRecord;1566;0; 
[2021-04-10 21:57:59] [INFO   ] EndAnalysisRecord;1567;1; 
[2021-04-10 21:57:59] [INFO   ] EndAnalysisRecord;1568;1; 
[2021-04-10 21:57:59] [INFO   ] EndAnalysisRecord;1569;0; 
[2021-04-10 21:57:59] [INFO   ] EndAnalysisRecord;1570;1; 
[2021-04-10 21:57:59] [INFO   ] EndAnalysisRecord;1571;0; 
[2021-04-10 21:57:59] [INFO   ] EndAnalysisRecord;1572;2; 
[2021-04-10 21:57:59] [INFO   ] EndAnalysisRecord;1573;0; 
[2021-04-10 21:57:59] [INFO   ] EndAnalysisRecord;1574;0; 
[2021-04-10 21:57:59] [INFO   ] EndAnalysisRecord;1575;0; 
[2021-04-10 21:57:59] [INFO   ] EndAnalysisRecord;1576;1; 
[2021-04-10 21:57:59] [INFO   ] EndAnalysisRecord;1577;1; 
[2021-04-10 21:57:59] [INFO   ] EndAnalysisRecord;1578;1; 
[2021-04-10 21:57:59] [INFO   ] EndAnalysisRecord;1579;0; 
[2021-04-10 21:57:59] [INFO   ] EndAnalysisRecord;1580;0; 
[2021-04-10 21:57:59] [INFO   ] EndAnalysisRecord;1581;0; 
[2021-04-10 21:57:59] [INFO   ] EndAnalysisRecord;1582;1; 
[2021-04-10 21:57:59] [INFO   ] EndAnalysisRecord;1583;1; 
[2021-04-10 21:57:59] [INFO   ] EndAnalysisRecord;1584;1; 
[2021-04-10 21:57:59] [INFO   ] EndAnalysisRecord;1585;1; 
[2021-04-10 21:57:59] [INFO   ] EndAnalysisRecord;1586;0; 
[2021-04-10 21:57:59] [INFO   ] EndAnalysisRecord;1587;1; 
[2021-04-10 21:57:59] [INFO   ] EndAnalysisRecord;1588;0; 
[2021-04-10 21:57:59] [INFO   ] EndAnalysisRecord;1589;2; 
[2021-04-10 21:57:59] [INFO   ] EndAnalysisRecord;1590;0; 
[2021-04-10 21:57:59] [INFO   ] EndAnalysisRecord;1591;0; 
[2021-04-10 21:57:59] [INFO   ] EndAnalysisRecord;1592;3; 
[2021-04-10 21:57:59] [INFO   ] EndAnalysisRecord;1593;0; 
[2021-04-10 21:57:59] [INFO   ] EndAnalysisRecord;1594;0; 
[2021-04-10 21:57:59] [INFO   ] EndAnalysisRecord;1595;10; 
[2021-04-10 21:57:59] [INFO   ] EndAnalysisRecord;1596;2; 
[2021-04-10 21:57:59] [INFO   ] EndAnalysisRecord;1597;0; 
[2021-04-10 21:57:59] [INFO   ] EndAnalysisRecord;1598;2; 
[2021-04-10 21:57:59] [INFO   ] EndAnalysisRecord;1599;0; 
[2021-04-10 21:57:59] [INFO   ] EndAnalysisRecord;1600;2; 
[2021-04-10 21:57:59] [INFO   ] EndAnalysisRecord;1601;3; 
[2021-04-10 21:57:59] [INFO   ] EndAnalysisRecord;1602;0; 
[2021-04-10 21:57:59] [INFO   ] EndAnalysisRecord;1603;4; 
[2021-04-10 21:57:59] [INFO   ] EndAnalysisRecord;1604;3; 
[2021-04-10 21:57:59] [INFO   ] EndAnalysisRecord;1605;6; 
[2021-04-10 21:57:59] [INFO   ] EndAnalysisRecord;1606;1; 
[2021-04-10 21:57:59] [INFO   ] EndAnalysisRecord;1607;3; 
[2021-04-10 21:57:59] [INFO   ] EndAnalysisRecord;1608;0; 
[2021-04-10 21:57:59] [INFO   ] EndAnalysisRecord;1609;4; 
[2021-04-10 21:57:59] [INFO   ] EndAnalysisRecord;1610;0; 
[2021-04-10 21:57:59] [INFO   ] EndAnalysisRecord;1611;1; 
[2021-04-10 21:57:59] [INFO   ] EndAnalysisRecord;1612;1; 
[2021-04-10 21:57:59] [INFO   ] EndAnalysisRecord;1613;7; 
[2021-04-10 21:57:59] [INFO   ] EndAnalysisRecord;1614;0; 
[2021-04-10 21:57:59] [INFO   ] EndAnalysisRecord;1615;0; 
[2021-04-10 21:57:59] [INFO   ] EndAnalysisRecord;1616;1; 
[2021-04-10 21:57:59] [INFO   ] EndAnalysisRecord;1617;1; 
[2021-04-10 21:57:59] [INFO   ] EndAnalysisRecord;1618;2; 
[2021-04-10 21:57:59] [INFO   ] EndAnalysisRecord;1619;0; 
[2021-04-10 21:57:59] [INFO   ] EndAnalysisRecord;1620;3; 
[2021-04-10 21:57:59] [INFO   ] EndAnalysisRecord;1621;0; 
[2021-04-10 21:57:59] [INFO   ] EndAnalysisRecord;1622;1; 
[2021-04-10 21:57:59] [INFO   ] EndAnalysisRecord;1623;2; 
[2021-04-10 21:57:59] [INFO   ] EndAnalysisRecord;1624;1; 
[2021-04-10 21:57:59] [INFO   ] EndAnalysisRecord;1625;1; 
[2021-04-10 21:57:59] [INFO   ] EndAnalysisRecord;1626;3; 
[2021-04-10 21:57:59] [INFO   ] EndAnalysisRecord;1627;1; 
[2021-04-10 21:57:59] [INFO   ] EndAnalysisRecord;1628;0; 
[2021-04-10 21:57:59] [INFO   ] EndAnalysisRecord;1629;2; 
[2021-04-10 21:57:59] [INFO   ] EndAnalysisRecord;1630;5; 
[2021-04-10 21:57:59] [INFO   ] EndAnalysisRecord;1631;3; 
[2021-04-10 21:57:59] [INFO   ] EndAnalysisRecord;1632;2; 
[2021-04-10 21:57:59] [INFO   ] EndAnalysisRecord;1633;0; 
[2021-04-10 21:57:59] [INFO   ] EndAnalysisRecord;1634;0; 
[2021-04-10 21:57:59] [INFO   ] EndAnalysisRecord;1635;3; 
[2021-04-10 21:57:59] [INFO   ] EndAnalysisRecord;1636;1; 
[2021-04-10 21:57:59] [INFO   ] EndAnalysisRecord;1637;0; 
[2021-04-10 21:57:59] [INFO   ] EndAnalysisRecord;1638;0; 
[2021-04-10 21:57:59] [INFO   ] EndAnalysisRecord;1639;0; 
[2021-04-10 21:57:59] [INFO   ] EndAnalysisRecord;1640;6; 
[2021-04-10 21:57:59] [INFO   ] EndAnalysisRecord;1641;0; 
[2021-04-10 21:57:59] [INFO   ] EndAnalysisRecord;1642;0; 
[2021-04-10 21:57:59] [INFO   ] EndAnalysisRecord;1643;4; 
[2021-04-10 21:57:59] [INFO   ] EndAnalysisRecord;1644;0; 
[2021-04-10 21:57:59] [INFO   ] EndAnalysisRecord;1645;1; 
[2021-04-10 21:57:59] [INFO   ] EndAnalysisRecord;1646;2; 
[2021-04-10 21:57:59] [INFO   ] EndAnalysisRecord;1647;1; 
[2021-04-10 21:57:59] [INFO   ] EndAnalysisRecord;1648;3; 
[2021-04-10 21:57:59] [INFO   ] EndAnalysisRecord;1649;0; 
[2021-04-10 21:57:59] [INFO   ] EndAnalysisRecord;1650;1; 
[2021-04-10 21:57:59] [INFO   ] EndAnalysisRecord;1651;0; 
[2021-04-10 21:57:59] [INFO   ] EndAnalysisRecord;1652;1; 
[2021-04-10 21:57:59] [INFO   ] EndAnalysisRecord;1653;7; 
[2021-04-10 21:57:59] [INFO   ] EndAnalysisRecord;1654;3; 
[2021-04-10 21:57:59] [INFO   ] EndAnalysisRecord;1655;0; 
[2021-04-10 21:57:59] [INFO   ] EndAnalysisRecord;1656;2; 
[2021-04-10 21:57:59] [INFO   ] EndAnalysisRecord;1657;1; 
[2021-04-10 21:57:59] [INFO   ] EndAnalysisRecord;1658;1; 
[2021-04-10 21:57:59] [INFO   ] EndAnalysisRecord;1659;5; 
[2021-04-10 21:57:59] [INFO   ] EndAnalysisRecord;1660;2; 
[2021-04-10 21:57:59] [INFO   ] EndAnalysisRecord;1661;0; 
[2021-04-10 21:57:59] [INFO   ] EndAnalysisRecord;1662;0; 
[2021-04-10 21:57:59] [INFO   ] EndAnalysisRecord;1663;3; 
[2021-04-10 21:57:59] [INFO   ] EndAnalysisRecord;1664;2; 
[2021-04-10 21:57:59] [INFO   ] EndAnalysisRecord;1665;1; 
[2021-04-10 21:57:59] [INFO   ] EndAnalysisRecord;1666;1; 
[2021-04-10 21:57:59] [INFO   ] EndAnalysisRecord;1667;1; 
[2021-04-10 21:57:59] [INFO   ] EndAnalysisRecord;1668;3; 
[2021-04-10 21:57:59] [INFO   ] EndAnalysisRecord;1669;0; 
[2021-04-10 21:57:59] [INFO   ] EndAnalysisRecord;1670;2; 
[2021-04-10 21:57:59] [INFO   ] EndAnalysisRecord;1671;3; 
[2021-04-10 21:57:59] [INFO   ] EndAnalysisRecord;1672;1; 
[2021-04-10 21:57:59] [INFO   ] EndAnalysisRecord;1673;8; 
[2021-04-10 21:57:59] [INFO   ] EndAnalysisRecord;1674;1; 
[2021-04-10 21:57:59] [INFO   ] EndAnalysisRecord;1675;1; 
[2021-04-10 21:57:59] [INFO   ] EndAnalysisRecord;1676;0; 
[2021-04-10 21:57:59] [INFO   ] EndAnalysisRecord;1677;2; 
[2021-04-10 21:57:59] [INFO   ] EndAnalysisRecord;1678;1; 
[2021-04-10 21:57:59] [INFO   ] EndAnalysisRecord;1679;3; 
[2021-04-10 21:57:59] [INFO   ] EndAnalysisRecord;1680;1; 
[2021-04-10 21:57:59] [INFO   ] EndAnalysisRecord;1681;0; 
[2021-04-10 21:57:59] [INFO   ] EndAnalysisRecord;1682;0; 
[2021-04-10 21:57:59] [INFO   ] EndAnalysisRecord;1683;2; 
[2021-04-10 21:57:59] [INFO   ] EndAnalysisRecord;1684;0; 
[2021-04-10 21:57:59] [INFO   ] EndAnalysisRecord;1685;0; 
[2021-04-10 21:57:59] [INFO   ] EndAnalysisRecord;1686;1; 
[2021-04-10 21:57:59] [INFO   ] EndAnalysisRecord;1687;0; 
[2021-04-10 21:57:59] [INFO   ] EndAnalysisRecord;1688;2; 
[2021-04-10 21:57:59] [INFO   ] EndAnalysisRecord;1689;0; 
[2021-04-10 21:57:59] [INFO   ] EndAnalysisRecord;1690;0; 
[2021-04-10 21:57:59] [INFO   ] EndAnalysisRecord;1691;0; 
[2021-04-10 21:57:59] [INFO   ] EndAnalysisRecord;1692;0; 
[2021-04-10 21:57:59] [INFO   ] EndAnalysisRecord;1693;0; 
[2021-04-10 21:57:59] [INFO   ] EndAnalysisRecord;1694;1; 
[2021-04-10 21:57:59] [INFO   ] EndAnalysisRecord;1695;1; 
[2021-04-10 21:57:59] [INFO   ] EndAnalysisRecord;1696;1; 
[2021-04-10 21:57:59] [INFO   ] EndAnalysisRecord;1697;0; 
[2021-04-10 21:57:59] [INFO   ] EndAnalysisRecord;1698;0; 
[2021-04-10 21:57:59] [INFO   ] EndAnalysisRecord;1699;1; 
[2021-04-10 21:57:59] [INFO   ] EndAnalysisRecord;1700;1; 
[2021-04-10 21:57:59] [INFO   ] EndAnalysisRecord;1701;1; 
[2021-04-10 21:57:59] [INFO   ] EndAnalysisRecord;1702;3; 
[2021-04-10 21:57:59] [INFO   ] EndAnalysisRecord;1703;0; 
[2021-04-10 21:57:59] [INFO   ] EndAnalysisRecord;1704;0; 
[2021-04-10 21:57:59] [INFO   ] EndAnalysisRecord;1705;0; 
[2021-04-10 21:57:59] [INFO   ] EndAnalysisRecord;1706;0; 
[2021-04-10 21:57:59] [INFO   ] EndAnalysisRecord;1707;0; 
[2021-04-10 21:57:59] [INFO   ] EndAnalysisRecord;1708;0; 
[2021-04-10 21:57:59] [INFO   ] EndAnalysisRecord;1709;0; 
[2021-04-10 21:58:00] [INFO   ] EndAnalysisRecord;1710;1; 
[2021-04-10 21:58:00] [INFO   ] EndAnalysisRecord;1711;0; 
[2021-04-10 21:58:00] [INFO   ] EndAnalysisRecord;1712;1; 
[2021-04-10 21:58:00] [INFO   ] EndAnalysisRecord;1713;0; 
[2021-04-10 21:58:00] [INFO   ] EndAnalysisRecord;1714;1; 
[2021-04-10 21:58:00] [INFO   ] EndAnalysisRecord;1715;6; 
[2021-04-10 21:58:00] [INFO   ] EndAnalysisRecord;1716;0; 
[2021-04-10 21:58:00] [INFO   ] EndAnalysisRecord;1717;14; 
[2021-04-10 21:58:00] [INFO   ] EndAnalysisRecord;1718;0; 
[2021-04-10 21:58:00] [INFO   ] EndAnalysisRecord;1719;5; 
[2021-04-10 21:58:00] [INFO   ] EndAnalysisRecord;1720;9; 
[2021-04-10 21:58:00] [INFO   ] EndAnalysisRecord;1721;3; 
[2021-04-10 21:58:00] [INFO   ] EndAnalysisRecord;1722;4; 
[2021-04-10 21:58:00] [INFO   ] EndAnalysisRecord;1723;1; 
[2021-04-10 21:58:00] [INFO   ] EndAnalysisRecord;1724;0; 
[2021-04-10 21:58:00] [INFO   ] EndAnalysisRecord;1725;2; 
[2021-04-10 21:58:00] [INFO   ] EndAnalysisRecord;1726;0; 
[2021-04-10 21:58:00] [INFO   ] EndAnalysisRecord;1727;0; 
[2021-04-10 21:58:00] [INFO   ] EndAnalysisRecord;1728;3; 
[2021-04-10 21:58:00] [INFO   ] EndAnalysisRecord;1729;0; 
[2021-04-10 21:58:00] [INFO   ] EndAnalysisRecord;1730;3; 
[2021-04-10 21:58:00] [INFO   ] EndAnalysisRecord;1731;3; 
[2021-04-10 21:58:00] [INFO   ] EndAnalysisRecord;1732;0; 
[2021-04-10 21:58:00] [INFO   ] EndAnalysisRecord;1733;0; 
[2021-04-10 21:58:00] [INFO   ] EndAnalysisRecord;1734;3; 
[2021-04-10 21:58:00] [INFO   ] EndAnalysisRecord;1735;1; 
[2021-04-10 21:58:00] [INFO   ] EndAnalysisRecord;1736;1; 
[2021-04-10 21:58:00] [INFO   ] EndAnalysisRecord;1737;1; 
[2021-04-10 21:58:00] [INFO   ] EndAnalysisRecord;1738;0; 
[2021-04-10 21:58:00] [INFO   ] EndAnalysisRecord;1739;0; 
[2021-04-10 21:58:00] [INFO   ] EndAnalysisRecord;1740;1; 
[2021-04-10 21:58:00] [INFO   ] EndAnalysisRecord;1741;1; 
[2021-04-10 21:58:00] [INFO   ] EndAnalysisRecord;1742;3; 
[2021-04-10 21:58:00] [INFO   ] EndAnalysisRecord;1743;3; 
[2021-04-10 21:58:00] [INFO   ] EndAnalysisRecord;1744;0; 
[2021-04-10 21:58:00] [INFO   ] EndAnalysisRecord;1745;1; 
[2021-04-10 21:58:00] [INFO   ] EndAnalysisRecord;1746;0; 
[2021-04-10 21:58:00] [INFO   ] EndAnalysisRecord;1747;5; 
[2021-04-10 21:58:00] [INFO   ] EndAnalysisRecord;1748;0; 
[2021-04-10 21:58:00] [INFO   ] EndAnalysisRecord;1749;0; 
[2021-04-10 21:58:00] [INFO   ] EndAnalysisRecord;1750;0; 
[2021-04-10 21:58:00] [INFO   ] EndAnalysisRecord;1751;1; 
[2021-04-10 21:58:00] [INFO   ] EndAnalysisRecord;1752;0; 
[2021-04-10 21:58:00] [INFO   ] EndAnalysisRecord;1753;3; 
[2021-04-10 21:58:00] [INFO   ] EndAnalysisRecord;1754;0; 
[2021-04-10 21:58:00] [INFO   ] EndAnalysisRecord;1755;2; 
[2021-04-10 21:58:00] [INFO   ] EndAnalysisRecord;1756;3; 
[2021-04-10 21:58:00] [INFO   ] EndAnalysisRecord;1757;4; 
[2021-04-10 21:58:00] [INFO   ] EndAnalysisRecord;1758;1; 
[2021-04-10 21:58:00] [INFO   ] EndAnalysisRecord;1759;1; 
[2021-04-10 21:58:00] [INFO   ] EndAnalysisRecord;1760;1; 
[2021-04-10 21:58:00] [INFO   ] EndAnalysisRecord;1761;1; 
[2021-04-10 21:58:00] [INFO   ] EndAnalysisRecord;1762;3; 
[2021-04-10 21:58:00] [INFO   ] EndAnalysisRecord;1763;2; 
[2021-04-10 21:58:00] [INFO   ] EndAnalysisRecord;1764;0; 
[2021-04-10 21:58:00] [INFO   ] EndAnalysisRecord;1765;4; 
[2021-04-10 21:58:00] [INFO   ] EndAnalysisRecord;1766;4; 
[2021-04-10 21:58:00] [INFO   ] EndAnalysisRecord;1767;0; 
[2021-04-10 21:58:00] [INFO   ] EndAnalysisRecord;1768;4; 
[2021-04-10 21:58:00] [INFO   ] EndAnalysisRecord;1769;9; 
[2021-04-10 21:58:00] [INFO   ] EndAnalysisRecord;1770;1; 
[2021-04-10 21:58:00] [INFO   ] EndAnalysisRecord;1771;6; 
[2021-04-10 21:58:00] [INFO   ] EndAnalysisRecord;1772;1; 
[2021-04-10 21:58:00] [INFO   ] EndAnalysisRecord;1773;2; 
[2021-04-10 21:58:00] [INFO   ] EndAnalysisRecord;1774;0; 
[2021-04-10 21:58:00] [INFO   ] EndAnalysisRecord;1775;1; 
[2021-04-10 21:58:00] [INFO   ] EndAnalysisRecord;1776;0; 
[2021-04-10 21:58:00] [INFO   ] EndAnalysisRecord;1777;0; 
[2021-04-10 21:58:00] [INFO   ] EndAnalysisRecord;1778;0; 
[2021-04-10 21:58:00] [INFO   ] EndAnalysisRecord;1779;0; 
[2021-04-10 21:58:00] [INFO   ] EndAnalysisRecord;1780;0; 
[2021-04-10 21:58:00] [INFO   ] EndAnalysisRecord;1781;1; 
[2021-04-10 21:58:00] [INFO   ] EndAnalysisRecord;1782;3; 
[2021-04-10 21:58:01] [INFO   ] EndAnalysisRecord;1783;0; 
[2021-04-10 21:58:01] [INFO   ] EndAnalysisRecord;1784;3; 
[2021-04-10 21:58:01] [INFO   ] EndAnalysisRecord;1785;3; 
[2021-04-10 21:58:01] [INFO   ] EndAnalysisRecord;1786;4; 
[2021-04-10 21:58:01] [INFO   ] EndAnalysisRecord;1787;3; 
[2021-04-10 21:58:01] [INFO   ] EndAnalysisRecord;1788;0; 
[2021-04-10 21:58:01] [INFO   ] EndAnalysisRecord;1789;3; 
[2021-04-10 21:58:01] [INFO   ] EndAnalysisRecord;1790;2; 
[2021-04-10 21:58:01] [INFO   ] EndAnalysisRecord;1791;0; 
[2021-04-10 21:58:01] [INFO   ] EndAnalysisRecord;1792;0; 
[2021-04-10 21:58:01] [INFO   ] EndAnalysisRecord;1793;24; 
[2021-04-10 21:58:01] [INFO   ] EndAnalysisRecord;1794;1; 
[2021-04-10 21:58:01] [INFO   ] EndAnalysisRecord;1795;3; 
[2021-04-10 21:58:01] [INFO   ] EndAnalysisRecord;1796;4; 
[2021-04-10 21:58:01] [INFO   ] EndAnalysisRecord;1797;4; 
[2021-04-10 21:58:01] [INFO   ] EndAnalysisRecord;1798;3; 
[2021-04-10 21:58:01] [INFO   ] EndAnalysisRecord;1799;4; 
[2021-04-10 21:58:01] [INFO   ] EndAnalysisRecord;1800;0; 
[2021-04-10 21:58:01] [INFO   ] EndAnalysisRecord;1801;0; 
[2021-04-10 21:58:01] [INFO   ] EndAnalysisRecord;1802;4; 
[2021-04-10 21:58:01] [INFO   ] EndAnalysisRecord;1803;0; 
[2021-04-10 21:58:01] [INFO   ] EndAnalysisRecord;1804;3; 
[2021-04-10 21:58:01] [INFO   ] EndAnalysisRecord;1805;4; 
[2021-04-10 21:58:01] [INFO   ] EndAnalysisRecord;1806;4; 
[2021-04-10 21:58:01] [INFO   ] EndAnalysisRecord;1807;0; 
[2021-04-10 21:58:01] [INFO   ] EndAnalysisRecord;1808;2; 
[2021-04-10 21:58:01] [INFO   ] EndAnalysisRecord;1809;0; 
[2021-04-10 21:58:01] [INFO   ] EndAnalysisRecord;1810;0; 
[2021-04-10 21:58:01] [INFO   ] EndAnalysisRecord;1811;5; 
[2021-04-10 21:58:01] [INFO   ] EndAnalysisRecord;1812;0; 
[2021-04-10 21:58:01] [INFO   ] EndAnalysisRecord;1813;3; 
[2021-04-10 21:58:01] [INFO   ] EndAnalysisRecord;1814;1; 
[2021-04-10 21:58:01] [INFO   ] EndAnalysisRecord;1815;2; 
[2021-04-10 21:58:01] [INFO   ] EndAnalysisRecord;1816;0; 
[2021-04-10 21:58:01] [INFO   ] EndAnalysisRecord;1817;4; 
[2021-04-10 21:58:01] [INFO   ] EndAnalysisRecord;1818;0; 
[2021-04-10 21:58:01] [INFO   ] EndAnalysisRecord;1819;0; 
[2021-04-10 21:58:01] [INFO   ] EndAnalysisRecord;1820;1; 
[2021-04-10 21:58:01] [INFO   ] EndAnalysisRecord;1821;2; 
[2021-04-10 21:58:01] [INFO   ] EndAnalysisRecord;1822;0; 
[2021-04-10 21:58:01] [INFO   ] EndAnalysisRecord;1823;1; 
[2021-04-10 21:58:01] [INFO   ] EndAnalysisRecord;1824;1; 
[2021-04-10 21:58:01] [INFO   ] EndAnalysisRecord;1825;0; 
[2021-04-10 21:58:01] [INFO   ] EndAnalysisRecord;1826;1; 
[2021-04-10 21:58:01] [INFO   ] EndAnalysisRecord;1827;0; 
[2021-04-10 21:58:01] [INFO   ] EndAnalysisRecord;1828;0; 
[2021-04-10 21:58:01] [INFO   ] EndAnalysisRecord;1829;0; 
[2021-04-10 21:58:01] [INFO   ] EndAnalysisRecord;1830;0; 
[2021-04-10 21:58:01] [INFO   ] EndAnalysisRecord;1831;3; 
[2021-04-10 21:58:01] [INFO   ] EndAnalysisRecord;1832;2; 
[2021-04-10 21:58:01] [INFO   ] EndAnalysisRecord;1833;0; 
[2021-04-10 21:58:01] [INFO   ] EndAnalysisRecord;1834;4; 
[2021-04-10 21:58:01] [INFO   ] EndAnalysisRecord;1835;4; 
[2021-04-10 21:58:01] [INFO   ] EndAnalysisRecord;1836;4; 
[2021-04-10 21:58:01] [INFO   ] EndAnalysisRecord;1837;0; 
[2021-04-10 21:58:01] [INFO   ] EndAnalysisRecord;1838;0; 
[2021-04-10 21:58:01] [INFO   ] EndAnalysisRecord;1839;0; 
[2021-04-10 21:58:01] [INFO   ] EndAnalysisRecord;1840;3; 
[2021-04-10 21:58:01] [INFO   ] EndAnalysisRecord;1841;1; 
[2021-04-10 21:58:01] [INFO   ] EndAnalysisRecord;1842;5; 
[2021-04-10 21:58:01] [INFO   ] EndAnalysisRecord;1843;4; 
[2021-04-10 21:58:01] [INFO   ] EndAnalysisRecord;1844;7; 
[2021-04-10 21:58:01] [INFO   ] EndAnalysisRecord;1845;3; 
[2021-04-10 21:58:01] [INFO   ] EndAnalysisRecord;1846;0; 
[2021-04-10 21:58:01] [INFO   ] EndAnalysisRecord;1847;2; 
[2021-04-10 21:58:01] [INFO   ] EndAnalysisRecord;1848;2; 
[2021-04-10 21:58:01] [INFO   ] EndAnalysisRecord;1849;4; 
[2021-04-10 21:58:01] [INFO   ] EndAnalysisRecord;1850;1; 
[2021-04-10 21:58:01] [INFO   ] EndAnalysisRecord;1851;0; 
[2021-04-10 21:58:01] [INFO   ] EndAnalysisRecord;1852;2; 
[2021-04-10 21:58:01] [INFO   ] EndAnalysisRecord;1853;1; 
[2021-04-10 21:58:01] [INFO   ] EndAnalysisRecord;1854;0; 
[2021-04-10 21:58:01] [INFO   ] EndAnalysisRecord;1855;0; 
[2021-04-10 21:58:01] [INFO   ] EndAnalysisRecord;1856;4; 
[2021-04-10 21:58:01] [INFO   ] EndAnalysisRecord;1857;3; 
[2021-04-10 21:58:01] [INFO   ] EndAnalysisRecord;1858;0; 
[2021-04-10 21:58:01] [INFO   ] EndAnalysisRecord;1859;3; 
[2021-04-10 21:58:01] [INFO   ] EndAnalysisRecord;1860;0; 
[2021-04-10 21:58:01] [INFO   ] EndAnalysisRecord;1861;3; 
[2021-04-10 21:58:01] [INFO   ] EndAnalysisRecord;1862;0; 
[2021-04-10 21:58:01] [INFO   ] EndAnalysisRecord;1863;4; 
[2021-04-10 21:58:01] [INFO   ] EndAnalysisRecord;1864;3; 
[2021-04-10 21:58:01] [INFO   ] EndAnalysisRecord;1865;0; 
[2021-04-10 21:58:01] [INFO   ] EndAnalysisRecord;1866;0; 
[2021-04-10 21:58:01] [INFO   ] EndAnalysisRecord;1867;1; 
[2021-04-10 21:58:01] [INFO   ] EndAnalysisRecord;1868;2; 
[2021-04-10 21:58:01] [INFO   ] EndAnalysisRecord;1869;4; 
[2021-04-10 21:58:01] [INFO   ] EndAnalysisRecord;1870;4; 
[2021-04-10 21:58:01] [INFO   ] EndAnalysisRecord;1871;3; 
[2021-04-10 21:58:01] [INFO   ] EndAnalysisRecord;1872;4; 
[2021-04-10 21:58:01] [INFO   ] EndAnalysisRecord;1873;0; 
[2021-04-10 21:58:01] [INFO   ] EndAnalysisRecord;1874;1; 
[2021-04-10 21:58:01] [INFO   ] EndAnalysisRecord;1875;1; 
[2021-04-10 21:58:01] [INFO   ] EndAnalysisRecord;1876;2; 
[2021-04-10 21:58:01] [INFO   ] EndAnalysisRecord;1877;3; 
[2021-04-10 21:58:02] [INFO   ] EndAnalysisRecord;1878;2; 
[2021-04-10 21:58:02] [INFO   ] EndAnalysisRecord;1879;3; 
[2021-04-10 21:58:02] [INFO   ] EndAnalysisRecord;1880;7; 
[2021-04-10 21:58:02] [INFO   ] EndAnalysisRecord;1881;1; 
[2021-04-10 21:58:02] [INFO   ] EndAnalysisRecord;1882;2; 
[2021-04-10 21:58:02] [INFO   ] EndAnalysisRecord;1883;3; 
[2021-04-10 21:58:02] [INFO   ] EndAnalysisRecord;1884;1; 
[2021-04-10 21:58:02] [INFO   ] EndAnalysisRecord;1885;0; 
[2021-04-10 21:58:02] [INFO   ] EndAnalysisRecord;1886;4; 
[2021-04-10 21:58:02] [INFO   ] EndAnalysisRecord;1887;7; 
[2021-04-10 21:58:02] [INFO   ] EndAnalysisRecord;1888;3; 
[2021-04-10 21:58:02] [INFO   ] EndAnalysisRecord;1889;4; 
[2021-04-10 21:58:02] [INFO   ] EndAnalysisRecord;1890;6; 
[2021-04-10 21:58:02] [INFO   ] EndAnalysisRecord;1891;5; 
[2021-04-10 21:58:02] [INFO   ] EndAnalysisRecord;1892;0; 
[2021-04-10 21:58:02] [INFO   ] EndAnalysisRecord;1893;0; 
[2021-04-10 21:58:02] [INFO   ] EndAnalysisRecord;1894;3; 
[2021-04-10 21:58:02] [INFO   ] EndAnalysisRecord;1895;3; 
[2021-04-10 21:58:02] [INFO   ] EndAnalysisRecord;1896;1; 
[2021-04-10 21:58:02] [INFO   ] EndAnalysisRecord;1897;1; 
[2021-04-10 21:58:02] [INFO   ] EndAnalysisRecord;1898;2; 
[2021-04-10 21:58:02] [INFO   ] EndAnalysisRecord;1899;0; 
[2021-04-10 21:58:02] [INFO   ] EndAnalysisRecord;1900;0; 
[2021-04-10 21:58:02] [INFO   ] EndAnalysisRecord;1901;2; 
[2021-04-10 21:58:02] [INFO   ] EndAnalysisRecord;1902;1; 
[2021-04-10 21:58:02] [INFO   ] EndAnalysisRecord;1903;1; 
[2021-04-10 21:58:02] [INFO   ] EndAnalysisRecord;1904;1; 
[2021-04-10 21:58:02] [INFO   ] EndAnalysisRecord;1905;3; 
[2021-04-10 21:58:02] [INFO   ] EndAnalysisRecord;1906;4; 
[2021-04-10 21:58:02] [INFO   ] EndAnalysisRecord;1907;2; 
[2021-04-10 21:58:02] [INFO   ] EndAnalysisRecord;1908;1; 
[2021-04-10 21:58:02] [INFO   ] EndAnalysisRecord;1909;17; 
[2021-04-10 21:58:02] [INFO   ] EndAnalysisRecord;1910;1; 
[2021-04-10 21:58:02] [INFO   ] EndAnalysisRecord;1911;3; 
[2021-04-10 21:58:02] [INFO   ] EndAnalysisRecord;1912;2; 
[2021-04-10 21:58:02] [INFO   ] EndAnalysisRecord;1913;1; 
[2021-04-10 21:58:02] [INFO   ] EndAnalysisRecord;1914;12; 
[2021-04-10 21:58:02] [INFO   ] EndAnalysisRecord;1915;6; 
[2021-04-10 21:58:02] [INFO   ] EndAnalysisRecord;1916;5; 
[2021-04-10 21:58:02] [INFO   ] EndAnalysisRecord;1917;1; 
[2021-04-10 21:58:02] [INFO   ] EndAnalysisRecord;1918;2; 
[2021-04-10 21:58:02] [INFO   ] EndAnalysisRecord;1919;0; 
[2021-04-10 21:58:02] [INFO   ] EndAnalysisRecord;1920;2; 
[2021-04-10 21:58:02] [INFO   ] EndAnalysisRecord;1921;2; 
[2021-04-10 21:58:02] [INFO   ] EndAnalysisRecord;1922;2; 
[2021-04-10 21:58:02] [INFO   ] EndAnalysisRecord;1923;0; 
[2021-04-10 21:58:02] [INFO   ] EndAnalysisRecord;1924;7; 
[2021-04-10 21:58:02] [INFO   ] EndAnalysisRecord;1925;1; 
[2021-04-10 21:58:02] [INFO   ] EndAnalysisRecord;1926;0; 
[2021-04-10 21:58:02] [INFO   ] EndAnalysisRecord;1927;2; 
[2021-04-10 21:58:02] [INFO   ] EndAnalysisRecord;1928;2; 
[2021-04-10 21:58:02] [INFO   ] EndAnalysisRecord;1929;10; 
[2021-04-10 21:58:02] [INFO   ] EndAnalysisRecord;1930;4; 
[2021-04-10 21:58:02] [INFO   ] EndAnalysisRecord;1931;3; 
[2021-04-10 21:58:02] [INFO   ] EndAnalysisRecord;1932;1; 
[2021-04-10 21:58:02] [INFO   ] EndAnalysisRecord;1933;2; 
[2021-04-10 21:58:02] [INFO   ] EndAnalysisRecord;1934;1; 
[2021-04-10 21:58:02] [INFO   ] EndAnalysisRecord;1935;1; 
[2021-04-10 21:58:02] [INFO   ] EndAnalysisRecord;1936;1; 
[2021-04-10 21:58:02] [INFO   ] EndAnalysisRecord;1937;3; 
[2021-04-10 21:58:02] [INFO   ] EndAnalysisRecord;1938;1; 
[2021-04-10 21:58:02] [INFO   ] EndAnalysisRecord;1939;1; 
[2021-04-10 21:58:02] [INFO   ] EndAnalysisRecord;1940;1; 
[2021-04-10 21:58:02] [INFO   ] EndAnalysisRecord;1941;1; 
[2021-04-10 21:58:02] [INFO   ] EndAnalysisRecord;1942;1; 
[2021-04-10 21:58:02] [INFO   ] EndAnalysisRecord;1943;1; 
[2021-04-10 21:58:02] [INFO   ] EndAnalysisRecord;1944;0; 
[2021-04-10 21:58:02] [INFO   ] EndAnalysisRecord;1945;1; 
[2021-04-10 21:58:02] [INFO   ] EndAnalysisRecord;1946;2; 
[2021-04-10 21:58:02] [INFO   ] EndAnalysisRecord;1947;3; 
[2021-04-10 21:58:02] [INFO   ] EndAnalysisRecord;1948;2; 
[2021-04-10 21:58:02] [INFO   ] EndAnalysisRecord;1949;1; 
[2021-04-10 21:58:02] [INFO   ] EndAnalysisRecord;1950;1; 
[2021-04-10 21:58:02] [INFO   ] EndAnalysisRecord;1951;4; 
[2021-04-10 21:58:02] [INFO   ] EndAnalysisRecord;1952;0; 
[2021-04-10 21:58:02] [INFO   ] EndAnalysisRecord;1953;5; 
[2021-04-10 21:58:02] [INFO   ] EndAnalysisRecord;1954;0; 
[2021-04-10 21:58:02] [INFO   ] EndAnalysisRecord;1955;4; 
[2021-04-10 21:58:02] [INFO   ] EndAnalysisRecord;1956;4; 
[2021-04-10 21:58:02] [INFO   ] EndAnalysisRecord;1957;0; 
[2021-04-10 21:58:02] [INFO   ] EndAnalysisRecord;1958;5; 
[2021-04-10 21:58:02] [INFO   ] EndAnalysisRecord;1959;1; 
[2021-04-10 21:58:02] [INFO   ] EndAnalysisRecord;1960;2; 
[2021-04-10 21:58:02] [INFO   ] EndAnalysisRecord;1961;1; 
[2021-04-10 21:58:02] [INFO   ] EndAnalysisRecord;1962;4; 
[2021-04-10 21:58:02] [INFO   ] EndAnalysisRecord;1963;2; 
[2021-04-10 21:58:02] [INFO   ] EndAnalysisRecord;1964;0; 
[2021-04-10 21:58:02] [INFO   ] EndAnalysisRecord;1965;3; 
[2021-04-10 21:58:02] [INFO   ] EndAnalysisRecord;1966;0; 
[2021-04-10 21:58:02] [INFO   ] EndAnalysisRecord;1967;1; 
[2021-04-10 21:58:02] [INFO   ] EndAnalysisRecord;1968;1; 
[2021-04-10 21:58:02] [INFO   ] EndAnalysisRecord;1969;0; 
[2021-04-10 21:58:02] [INFO   ] EndAnalysisRecord;1970;1; 
[2021-04-10 21:58:02] [INFO   ] EndAnalysisRecord;1971;1; 
[2021-04-10 21:58:02] [INFO   ] EndAnalysisRecord;1972;1; 
[2021-04-10 21:58:02] [INFO   ] EndAnalysisRecord;1973;3; 
[2021-04-10 21:58:02] [INFO   ] EndAnalysisRecord;1974;1; 
[2021-04-10 21:58:02] [INFO   ] EndAnalysisRecord;1975;2; 
[2021-04-10 21:58:02] [INFO   ] EndAnalysisRecord;1976;1; 
[2021-04-10 21:58:02] [INFO   ] EndAnalysisRecord;1977;0; 
[2021-04-10 21:58:02] [INFO   ] EndAnalysisRecord;1978;1; 
[2021-04-10 21:58:02] [INFO   ] EndAnalysisRecord;1979;1; 
[2021-04-10 21:58:02] [INFO   ] EndAnalysisRecord;1980;3; 
[2021-04-10 21:58:02] [INFO   ] EndAnalysisRecord;1981;1; 
[2021-04-10 21:58:02] [INFO   ] EndAnalysisRecord;1982;0; 
[2021-04-10 21:58:02] [INFO   ] EndAnalysisRecord;1983;9; 
[2021-04-10 21:58:02] [INFO   ] EndAnalysisRecord;1984;1; 
[2021-04-10 21:58:02] [INFO   ] EndAnalysisRecord;1985;2; 
[2021-04-10 21:58:02] [INFO   ] EndAnalysisRecord;1986;1; 
[2021-04-10 21:58:02] [INFO   ] EndAnalysisRecord;1987;1; 
[2021-04-10 21:58:02] [INFO   ] EndAnalysisRecord;1988;0; 
[2021-04-10 21:58:02] [INFO   ] EndAnalysisRecord;1989;2; 
[2021-04-10 21:58:02] [INFO   ] EndAnalysisRecord;1990;2; 
[2021-04-10 21:58:02] [INFO   ] EndAnalysisRecord;1991;1; 
[2021-04-10 21:58:02] [INFO   ] EndAnalysisRecord;1992;1; 
[2021-04-10 21:58:02] [INFO   ] EndAnalysisRecord;1993;0; 
[2021-04-10 21:58:02] [INFO   ] EndAnalysisRecord;1994;1; 
[2021-04-10 21:58:02] [INFO   ] EndAnalysisRecord;1995;0; 
[2021-04-10 21:58:02] [INFO   ] EndAnalysisRecord;1996;3; 
[2021-04-10 21:58:02] [INFO   ] EndAnalysisRecord;1997;0; 
[2021-04-10 21:58:02] [INFO   ] EndAnalysisRecord;1998;2; 
[2021-04-10 21:58:02] [INFO   ] EndAnalysisRecord;1999;2; 
[2021-04-10 21:58:02] [INFO   ] EndAnalysisRecord;2000;0; 
